话题	在榜日期	在榜时间	topic_flag	word_scheme	word	icon_desc	flag_desc	is_ad
#天涯神帖#	20260601	20260601_00:01:19	no	天涯神帖	天涯神帖	热		no
#樊振东德甲夺冠#	20260601	20260601_00:01:19	no	樊振东德甲夺冠	樊振东德甲夺冠			no
#城事日记津彩有你#	20260601	20260601_00:01:19	yes	#城事日记津彩有你#	城事日记津彩有你			no
#京东推出母婴级家电家居#	20260601	20260601_00:01:19	yes		京东推出母婴级家电家居	亮相		yes
#新疆人未来一个月菜品#	20260601	20260601_00:01:19	no	新疆人未来一个月菜品	新疆人未来一个月菜品			no
#哈尔滨沙尘暴黑墙2分钟吞没居民楼#	20260601	20260601_00:01:19	yes	#哈尔滨沙尘暴黑墙2分钟吞没居民楼#	哈尔滨沙尘暴黑墙2分钟吞没居民楼	新		no
#樊振东已集齐德国杯欧冠德甲冠军#	20260601	20260601_00:01:19	yes	#樊振东已集齐德国杯欧冠德甲冠军#	樊振东已集齐德国杯欧冠德甲冠军	新		no
#关晓彤演技#	20260601	20260601_00:01:19	no	关晓彤演技	关晓彤演技		剧集	no
#天涯社区将正式恢复访问#	20260601	20260601_00:01:19	yes	#天涯社区将正式恢复访问#	天涯社区将正式恢复访问			no
#央视曝光劣质驱蚊产品#	20260601	20260601_00:01:19	yes	#央视曝光劣质驱蚊产品#	央视曝光劣质驱蚊产品	新		no
#王源 好听#	20260601	20260601_00:01:19	no	王源 好听	王源 好听	新	晚会	no
#曝85花七折捡漏代言#	20260601	20260601_00:01:19	yes	#曝85花七折捡漏代言#	曝85花七折捡漏代言	新		no
#二次元不是软色情遮羞布#	20260601	20260601_00:01:19	no	二次元不是软色情遮羞布	二次元不是软色情遮羞布	热		no
#张凌赫全额补偿粉丝#	20260601	20260601_00:01:19	yes	#张凌赫全额补偿粉丝#	张凌赫全额补偿粉丝			no
#孙杨 下沉市场口碑反转#	20260601	20260601_00:01:19	no	孙杨 下沉市场口碑反转	孙杨 下沉市场口碑反转			no
#忆秦娥婚后#	20260601	20260601_00:01:19	no	忆秦娥婚后	忆秦娥婚后		剧集	no
#曝沐言头被砸到#	20260601	20260601_00:01:19	yes	#曝沐言头被砸到#	曝沐言头被砸到	热		no
#南京大学首位没有毕业论文博士答辩#	20260601	20260601_00:01:19	yes	#南京大学首位没有毕业论文博士答辩#	南京大学首位没有毕业论文博士答辩			no
#张凌赫线下活动取消目击者发声#	20260601	20260601_00:01:19	yes	#张凌赫线下活动取消目击者发声#	张凌赫线下活动取消目击者发声			no
#王灿因病切了一片肺#	20260601	20260601_00:01:19	yes	#王灿因病切了一片肺#	王灿因病切了一片肺			no
#柬埔寨一中国地产商遇害#	20260601	20260601_00:01:19	yes	#柬埔寨一中国地产商遇害#	柬埔寨一中国地产商遇害			no
#Faker奶奶被死亡威胁#	20260601	20260601_00:01:19	yes	#Faker奶奶被死亡威胁#	Faker奶奶被死亡威胁			no
#小英晒病例#	20260601	20260601_00:01:19	yes	#小英晒病例#	小英晒病例			no
#严浩翔stl幕后#	20260601	20260601_00:01:19	yes	#严浩翔stl幕后#	严浩翔stl幕后	新	演出	no
#其实补气血真的很简单#	20260601	20260601_00:01:19	no	其实补气血真的很简单	其实补气血真的很简单			no
#万花世界 鞠婧祎戏份#	20260601	20260601_00:01:19	no	万花世界 鞠婧祎戏份	万花世界 鞠婧祎戏份	新	剧集	no
#马嘉祺拍立得废片#	20260601	20260601_00:01:19	yes	#马嘉祺拍立得废片#	马嘉祺拍立得废片			no
#天天吃鸡蛋和很少吃鸡蛋谁更健康#	20260601	20260601_00:01:19	yes	#天天吃鸡蛋和很少吃鸡蛋谁更健康#	天天吃鸡蛋和很少吃鸡蛋谁更健康	新		no
#智利缉毒犬典礼上扑咬海军中将口袋#	20260601	20260601_00:01:19	yes	#智利缉毒犬典礼上扑咬海军中将口袋#	智利缉毒犬典礼上扑咬海军中将口袋			no
#拉丁舞爆火裁判一个月跳瘦8斤#	20260601	20260601_00:01:19	yes	#拉丁舞爆火裁判一个月跳瘦8斤#	拉丁舞爆火裁判一个月跳瘦8斤	新		no
#中方必将反制日菲所谓划界谈判#	20260601	20260601_00:01:19	yes	#中方必将反制日菲所谓划界谈判#	中方必将反制日菲所谓划界谈判			no
#医学生网购美工刀拆袋被裸装刀割伤#	20260601	20260601_00:01:19	yes	#医学生网购美工刀拆袋被裸装刀割伤#	医学生网购美工刀拆袋被裸装刀割伤			no
#被女主播开播前的调试震惊到了#	20260601	20260601_00:01:19	yes	#被女主播开播前的调试震惊到了#	被女主播开播前的调试震惊到了			no
#女子住酒店半夜遭陌生男子站床头#	20260601	20260601_00:01:19	yes	#女子住酒店半夜遭陌生男子站床头#	女子住酒店半夜遭陌生男子站床头			no
#上海男篮3比0广厦男篮#	20260601	20260601_00:01:19	no	上海男篮3比0广厦男篮	上海男篮3比0广厦男篮			no
#主角编剧#	20260601	20260601_00:01:19	no	主角编剧	主角编剧		剧集	no
#文严文 刘文祥#	20260601	20260601_00:01:19	no	文严文 刘文祥	文严文 刘文祥			no
#哈尔滨沙尘暴#	20260601	20260601_00:01:19	no	哈尔滨沙尘暴	哈尔滨沙尘暴			no
#白鹿换头像过六一#	20260601	20260601_00:01:19	yes	#白鹿换头像过六一#	白鹿换头像过六一	新		no
#穆祉丞第一条泡泡#	20260601	20260601_00:01:19	yes	#穆祉丞第一条泡泡#	穆祉丞第一条泡泡			no
#过度防晒#	20260601	20260601_00:01:19	no	过度防晒	过度防晒			no
#万花世界剧组声明#	20260601	20260601_00:01:19	yes	#万花世界剧组声明#	万花世界剧组声明	新	剧集	no
#vogue红毯 疲惫#	20260601	20260601_00:01:19	no	vogue红毯 疲惫	vogue红毯 疲惫			no
#日系车溃败#	20260601	20260601_00:01:19	yes	#日系车溃败#	日系车溃败	新		no
#关晓彤李昀锐耀眼冰箱吻#	20260601	20260601_00:01:19	yes	#关晓彤李昀锐耀眼冰箱吻#	关晓彤李昀锐耀眼冰箱吻	新	剧集	no
#邓超没做腋下管理#	20260601	20260601_00:01:19	yes	#邓超没做腋下管理#	邓超没做腋下管理	新	晚会	no
#日本拥抱印度#	20260601	20260601_00:01:19	yes	#日本拥抱印度#	日本拥抱印度			no
#刘诗诗下沉市场#	20260601	20260601_00:01:19	yes	#刘诗诗下沉市场#	刘诗诗下沉市场			no
#王源压轴#	20260601	20260601_00:01:19	yes	#王源压轴#	王源压轴	新	晚会	no
#多名艺人辞演后特朗普决定自己上台#	20260601	20260601_00:01:19	yes	#多名艺人辞演后特朗普决定自己上台#	多名艺人辞演后特朗普决定自己上台	新		no
#欧阳娜娜秀场生图杀手#	20260601	20260601_00:01:19	yes	#欧阳娜娜秀场生图杀手#	欧阳娜娜秀场生图杀手	新		no
#哈尔滨沙尘暴黑墙2分钟吞没居民楼#	20260601	20260601_00:11:09	yes	#哈尔滨沙尘暴黑墙2分钟吞没居民楼#	哈尔滨沙尘暴黑墙2分钟吞没居民楼			no
#暗访揭秘低价卖房虚假宣传#	20260601	20260601_00:11:09	yes		暗访揭秘低价卖房虚假宣传	辟谣		yes
#王鹤棣直播感谢粉丝#	20260601	20260601_00:11:09	yes	#王鹤棣直播感谢粉丝#	王鹤棣直播感谢粉丝	新		no
#周深又被攻击了#	20260601	20260601_00:11:09	yes	#周深又被攻击了#	周深又被攻击了	新	演出	no
#华为nova16及全场景新品发布#	20260601	20260601_00:21:09	yes		华为nova16及全场景新品发布	官宣		yes
#王源 好听#	20260601	20260601_00:21:09	no	王源 好听	王源 好听		晚会	no
#曝沐言头被砸到#	20260601	20260601_00:21:09	yes	#曝沐言头被砸到#	曝沐言头被砸到			no
#白鹿换头像过六一#	20260601	20260601_00:21:09	yes	#白鹿换头像过六一#	白鹿换头像过六一			no
#日系车溃败#	20260601	20260601_00:21:09	yes	#日系车溃败#	日系车溃败			no
#陈妍希开放自家给谢楠当舞蹈室#	20260601	20260601_00:21:09	yes	#陈妍希开放自家给谢楠当舞蹈室#	陈妍希开放自家给谢楠当舞蹈室	新		no
#海尔兄弟2先导片首发#	20260601	20260601_00:31:15	yes		海尔兄弟2先导片首发	官宣		yes
#樊振东已集齐德国杯欧冠德甲冠军#	20260601	20260601_00:31:15	yes	#樊振东已集齐德国杯欧冠德甲冠军#	樊振东已集齐德国杯欧冠德甲冠军			no
#曝85花七折捡漏代言#	20260601	20260601_00:31:15	yes	#曝85花七折捡漏代言#	曝85花七折捡漏代言	热		no
#窦骁 咱娥今天可太美啦#	20260601	20260601_00:31:15	no	窦骁 咱娥今天可太美啦	窦骁 咱娥今天可太美啦	新		no
#王源完全青春男大来的#	20260601	20260601_00:31:15	yes	#王源完全青春男大来的#	王源完全青春男大来的	新	演出	no
#泥人村干部被卷走监控曝光#	20260601	20260601_00:31:15	yes	#泥人村干部被卷走监控曝光#	泥人村干部被卷走监控曝光	新		no
#央视曝光劣质驱蚊产品#	20260601	20260601_00:41:08	yes	#央视曝光劣质驱蚊产品#	央视曝光劣质驱蚊产品			no
#曾沛慈音乐节人气#	20260601	20260601_00:51:16	yes	#曾沛慈音乐节人气#	曾沛慈音乐节人气	新	演出	no
#张雨霏五哈合照P上鹿晗#	20260601	20260601_00:51:16	yes	#张雨霏五哈合照P上鹿晗#	张雨霏五哈合照P上鹿晗	新		no
#拉丁舞爆火裁判一个月跳瘦8斤#	20260601	20260601_00:51:16	yes	#拉丁舞爆火裁判一个月跳瘦8斤#	拉丁舞爆火裁判一个月跳瘦8斤			no
#夏美 王洋洋#	20260601	20260601_00:51:16	no	夏美 王洋洋	夏美 王洋洋	新		no
#邓超没做腋下管理#	20260601	20260601_01:01:22	yes	#邓超没做腋下管理#	邓超没做腋下管理		晚会	no
#刘浩存回复秦海璐#	20260601	20260601_01:01:22	yes	#刘浩存回复秦海璐#	刘浩存回复秦海璐	新	剧集	no
#网红边牧锄头主人拒绝和解#	20260601	20260601_01:01:22	yes	#网红边牧锄头主人拒绝和解#	网红边牧锄头主人拒绝和解	新		no
#天涯社区曾2次重启失败#	20260601	20260601_01:01:22	yes	#天涯社区曾2次重启失败#	天涯社区曾2次重启失败	新		no
#汪苏泷疑似失去所有力气和手段#	20260601	20260601_01:01:22	yes	#汪苏泷疑似失去所有力气和手段#	汪苏泷疑似失去所有力气和手段	新	演出	no
#陈妍希去看谢霆锋的演唱会#	20260601	20260601_01:01:22	yes	#陈妍希去看谢霆锋的演唱会#	陈妍希去看谢霆锋的演唱会		演出	no
#一代人有一代人的省钱攻略#	20260601	20260601_01:01:22	yes	#一代人有一代人的省钱攻略#	一代人有一代人的省钱攻略	新		no
#9岁女童因怕挨打离家失联22年终团圆#	20260601	20260601_01:01:22	yes	#9岁女童因怕挨打离家失联22年终团圆#	9岁女童因怕挨打离家失联22年终团圆			no
#窦唯妹妹去谢霆锋演唱会#	20260601	20260601_01:01:22	yes	#窦唯妹妹去谢霆锋演唱会#	窦唯妹妹去谢霆锋演唱会		演出	no
#土伦杯#	20260601	20260601_01:01:22	no	土伦杯	土伦杯			no
#在柬遇害中国地产商妻子发声#	20260601	20260601_01:01:22	yes	#在柬遇害中国地产商妻子发声#	在柬遇害中国地产商妻子发声	新		no
#和蒙牛三大球星一起踢球吧#	20260601	20260601_01:11:15	yes		和蒙牛三大球星一起踢球吧	火热		yes
#二次元不是软色情遮羞布#	20260601	20260601_01:11:15	no	二次元不是软色情遮羞布	二次元不是软色情遮羞布			no
#天天吃鸡蛋和很少吃鸡蛋谁更健康#	20260601	20260601_01:11:15	yes	#天天吃鸡蛋和很少吃鸡蛋谁更健康#	天天吃鸡蛋和很少吃鸡蛋谁更健康			no
#这才是六一该办的活动#	20260601	20260601_01:11:15	no	这才是六一该办的活动	这才是六一该办的活动	新		no
#万花世界 鞠婧祎戏份#	20260601	20260601_01:21:06	no	万花世界 鞠婧祎戏份	万花世界 鞠婧祎戏份		剧集	no
#多名艺人辞演后特朗普决定自己上台#	20260601	20260601_01:21:06	yes	#多名艺人辞演后特朗普决定自己上台#	多名艺人辞演后特朗普决定自己上台	热		no
#曾沛慈长文告别三公#	20260601	20260601_01:21:06	yes	#曾沛慈长文告别三公#	曾沛慈长文告别三公		综艺	no
#乘风普通disco全民健身#	20260601	20260601_01:21:06	yes	#乘风普通disco全民健身#	乘风普通disco全民健身	新	综艺	no
#吴京谢楠去看谢霆锋演唱会#	20260601	20260601_01:21:06	yes	#吴京谢楠去看谢霆锋演唱会#	吴京谢楠去看谢霆锋演唱会		演出	no
#关晓彤李昀锐耀眼冰箱吻#	20260601	20260601_01:31:12	yes	#关晓彤李昀锐耀眼冰箱吻#	关晓彤李昀锐耀眼冰箱吻		剧集	no
#万花世界剧组声明#	20260601	20260601_01:31:12	yes	#万花世界剧组声明#	万花世界剧组声明		剧集	no
#报告称孩子越多平均养育成本越低#	20260601	20260601_01:31:12	yes	#报告称孩子越多平均养育成本越低#	报告称孩子越多平均养育成本越低	新		no
#周深又被攻击了#	20260601	20260601_01:41:17	yes	#周深又被攻击了#	周深又被攻击了		演出	no
#泥人村干部被卷走监控曝光#	20260601	20260601_02:01:24	yes	#泥人村干部被卷走监控曝光#	泥人村干部被卷走监控曝光			no
#窦骁 咱娥今天可太美啦#	20260601	20260601_02:01:24	no	窦骁 咱娥今天可太美啦	窦骁 咱娥今天可太美啦			no
#曾沛慈音乐节人气#	20260601	20260601_02:21:09	yes	#曾沛慈音乐节人气#	曾沛慈音乐节人气		演出	no
#耀眼#	20260601	20260601_02:21:09	no	耀眼	耀眼	新	剧集	no
#陶喆演唱会#	20260601	20260601_02:21:09	no	陶喆演唱会	陶喆演唱会	新	演出	no
#全网首档AI购物直播晚会在京东#	20260601	20260601_02:31:11	yes		全网首档AI购物直播晚会在京东	亮相		yes
#天涯社区曾2次重启失败#	20260601	20260601_02:31:11	yes	#天涯社区曾2次重启失败#	天涯社区曾2次重启失败			no
#网红边牧锄头主人拒绝和解#	20260601	20260601_02:31:11	yes	#网红边牧锄头主人拒绝和解#	网红边牧锄头主人拒绝和解			no
#刘浩存回复秦海璐#	20260601	20260601_02:31:11	yes	#刘浩存回复秦海璐#	刘浩存回复秦海璐		剧集	no
#在柬遇害中国地产商妻子发声#	20260601	20260601_02:31:11	yes	#在柬遇害中国地产商妻子发声#	在柬遇害中国地产商妻子发声			no
#汪苏泷疑似失去所有力气和手段#	20260601	20260601_02:31:11	yes	#汪苏泷疑似失去所有力气和手段#	汪苏泷疑似失去所有力气和手段		演出	no
#这才是六一该办的活动#	20260601	20260601_02:41:18	no	这才是六一该办的活动	这才是六一该办的活动			no
#哈尔滨突发沙尘暴市民称有点像世界末日#	20260601	20260601_02:41:18	yes	#哈尔滨突发沙尘暴市民称有点像世界末日#	哈尔滨突发沙尘暴市民称有点像世界末日	新		no
#乘风普通disco全民健身#	20260601	20260601_02:50:59	yes	#乘风普通disco全民健身#	乘风普通disco全民健身		综艺	no
#报告称孩子越多平均养育成本越低#	20260601	20260601_03:01:29	yes	#报告称孩子越多平均养育成本越低#	报告称孩子越多平均养育成本越低			no
#17战队PGS5冠军#	20260601	20260601_03:01:29	no	17战队PGS5冠军	17战队PGS5冠军	新		no
#王源完全青春男大来的#	20260601	20260601_03:01:29	yes	#王源完全青春男大来的#	王源完全青春男大来的		演出	no
#部分驱蚊产品用的是农药标的是化妆品#	20260601	20260601_03:11:13	yes	#部分驱蚊产品用的是农药标的是化妆品#	部分驱蚊产品用的是农药标的是化妆品	新		no
#刘宇宁在工体寻一个你#	20260601	20260601_03:21:11	yes	#刘宇宁在工体寻一个你#	刘宇宁在工体寻一个你		晚会	no
#多名艺人辞演后特朗普决定自己上台#	20260601	20260601_03:31:14	yes	#多名艺人辞演后特朗普决定自己上台#	多名艺人辞演后特朗普决定自己上台			no
#陶喆演唱会#	20260601	20260601_03:41:08	no	陶喆演唱会	陶喆演唱会		演出	no
#耀眼#	20260601	20260601_03:51:10	no	耀眼	耀眼		剧集	no
#伞兵三连问#	20260601	20260601_03:51:10	no	伞兵三连问	伞兵三连问	新		no
#电视剧耀眼#	20260601	20260601_04:01:17	no	电视剧耀眼	电视剧耀眼	新	剧集	no
#今年六一礼物是爸妈20年前买的#	20260601	20260601_04:10:59	yes		今年六一礼物是爸妈20年前买的	火热		yes
#哈尔滨突发沙尘暴市民称有点像世界末日#	20260601	20260601_04:10:59	yes	#哈尔滨突发沙尘暴市民称有点像世界末日#	哈尔滨突发沙尘暴市民称有点像世界末日			no
#陶喆世巡百场收官#	20260601	20260601_04:21:08	no	陶喆世巡百场收官	陶喆世巡百场收官	新	演出	no
#刘宇宁给工作人员鞠躬#	20260601	20260601_04:21:08	yes	#刘宇宁给工作人员鞠躬#	刘宇宁给工作人员鞠躬	新	晚会	no
#薛之谦演唱会#	20260601	20260601_04:31:14	no	薛之谦演唱会	薛之谦演唱会	新	演出	no
#17战队PGS5冠军#	20260601	20260601_04:31:14	no	17战队PGS5冠军	17战队PGS5冠军			no
#哈尔滨沙尘暴黑墙2分钟吞没居民楼#	20260601	20260601_04:51:08	yes	#哈尔滨沙尘暴黑墙2分钟吞没居民楼#	哈尔滨沙尘暴黑墙2分钟吞没居民楼	热		no
#部分驱蚊产品用的是农药标的是化妆品#	20260601	20260601_04:51:08	yes	#部分驱蚊产品用的是农药标的是化妆品#	部分驱蚊产品用的是农药标的是化妆品			no
#电视剧耀眼#	20260601	20260601_05:31:15	no	电视剧耀眼	电视剧耀眼		剧集	no
#日本拥抱印度#	20260601	20260601_05:41:06	yes	#日本拥抱印度#	日本拥抱印度	热		no
#刘宇宁给工作人员鞠躬#	20260601	20260601_05:51:08	yes	#刘宇宁给工作人员鞠躬#	刘宇宁给工作人员鞠躬		晚会	no
#陶喆世巡百场收官#	20260601	20260601_05:51:08	no	陶喆世巡百场收官	陶喆世巡百场收官		演出	no
#薛之谦演唱会#	20260601	20260601_06:01:19	no	薛之谦演唱会	薛之谦演唱会		演出	no
#校方回应小学生汇演爆火遭质疑假唱#	20260601	20260601_06:21:13	yes	#校方回应小学生汇演爆火遭质疑假唱#	校方回应小学生汇演爆火遭质疑假唱	新		no
#智商决定收入在这一刻具象化了#	20260601	20260601_06:41:06	no	智商决定收入在这一刻具象化了	智商决定收入在这一刻具象化了	新		no
#丞磊给白鹿拍照没开镜头盖#	20260601	20260601_07:01:26	yes	#丞磊给白鹿拍照没开镜头盖#	丞磊给白鹿拍照没开镜头盖	新		no
#成毅沉迷下象棋#	20260601	20260601_07:01:26	no	成毅沉迷下象棋	成毅沉迷下象棋	新		no
#迎接杨博文的十六岁#	20260601	20260601_07:01:26	yes	#迎接杨博文的十六岁#	迎接杨博文的十六岁	新		no
#法网#	20260601	20260601_07:11:14	no	法网	法网			no
#傅菁直播太敢说了#	20260601	20260601_07:11:14	no	傅菁直播太敢说了	傅菁直播太敢说了	新		no
#王鹤棣直播感谢粉丝#	20260601	20260601_07:21:16	yes	#王鹤棣直播感谢粉丝#	王鹤棣直播感谢粉丝	热		no
#曝85花七折捡漏代言#	20260601	20260601_07:21:16	yes	#曝85花七折捡漏代言#	曝85花七折捡漏代言			no
#樊振东十全十美收官#	20260601	20260601_07:21:16	no	樊振东十全十美收官	樊振东十全十美收官	新		no
#陈妍希开放自家给谢楠当舞蹈室#	20260601	20260601_07:21:16	yes	#陈妍希开放自家给谢楠当舞蹈室#	陈妍希开放自家给谢楠当舞蹈室	热		no
#TES晋级LPL胜决#	20260601	20260601_07:21:16	yes	#TES晋级LPL胜决#	TES晋级LPL胜决	新		no
#夏美 王洋洋#	20260601	20260601_07:21:16	no	夏美 王洋洋	夏美 王洋洋			no
#杨博文16岁发文#	20260601	20260601_07:21:16	no	杨博文16岁发文	杨博文16岁发文	新		no
#孙红雷肯德基厕所因为你取消的#	20260601	20260601_07:21:16	yes	#孙红雷肯德基厕所因为你取消的#	孙红雷肯德基厕所因为你取消的		综艺	no
#疑似王安宇自己找的路演观众#	20260601	20260601_07:21:16	yes	#疑似王安宇自己找的路演观众#	疑似王安宇自己找的路演观众		电影	no
#窦骁 咱娥今天可太美啦#	20260601	20260601_07:31:04	no	窦骁 咱娥今天可太美啦	窦骁 咱娥今天可太美啦	热		no
#儿童节#	20260601	20260601_07:31:04	no	儿童节	儿童节	新		no
#法网2026#	20260601	20260601_07:31:04	no	法网2026	法网2026	新		no
#何猷君奚梦瑶婚礼欢迎晚宴#	20260601	20260601_07:31:04	yes	#何猷君奚梦瑶婚礼欢迎晚宴#	何猷君奚梦瑶婚礼欢迎晚宴	新		no
#樊振东3比2贾哈#	20260601	20260601_07:41:10	no	樊振东3比2贾哈	樊振东3比2贾哈	新		no
#陈妍希说谢霆锋也太帅了#	20260601	20260601_07:41:10	yes	#陈妍希说谢霆锋也太帅了#	陈妍希说谢霆锋也太帅了	新		no
#宋雨琦短发马甲线#	20260601	20260601_07:50:55	yes	#宋雨琦短发马甲线#	宋雨琦短发马甲线	新		no
#萨尔布吕肯回应三冠王#	20260601	20260601_07:50:55	yes	#萨尔布吕肯回应三冠王#	萨尔布吕肯回应三冠王	新		no
#U19国足1比0战胜沙特U21#	20260601	20260601_08:01:22	yes	#U19国足1比0战胜沙特U21#	U19国足1比0战胜沙特U21	新		no
#爱情公寓2026迎来了NPC宣发期#	20260601	20260601_08:01:22	yes	#爱情公寓2026迎来了NPC宣发期#	爱情公寓2026迎来了NPC宣发期	新	剧集	no
#存储器价格暴涨近1000%原因#	20260601	20260601_08:04:00	yes	#存储器价格暴涨近1000%原因#	存储器价格暴涨近1000%原因	新		no
#王源工体上座率#	20260601	20260601_08:04:00	yes	#王源工体上座率#	王源工体上座率	新	晚会	no
#杨博文生周#	20260601	20260601_08:04:00	no	杨博文生周	杨博文生周	新		no
#陈哲远MaleeCOCO亚太品牌代言人#	20260601	20260601_08:06:15	yes		陈哲远MaleeCOCO亚太品牌代言人	官宣		yes
#汪苏泷一直指我是什么意思#	20260601	20260601_08:06:15	yes	#汪苏泷一直指我是什么意思#	汪苏泷一直指我是什么意思	新	演出	no
#儿童节群星为孤独症孩子发声#	20260601	20260601_08:08:24	yes		儿童节群星为孤独症孩子发声	益		yes
#万花世界4个原主每人不超过3分钟#	20260601	20260601_08:08:24	yes	#万花世界4个原主每人不超过3分钟#	万花世界4个原主每人不超过3分钟	新	剧集	no
#中学生一出校门就点上烟了#	20260601	20260601_08:08:24	no	中学生一出校门就点上烟了	中学生一出校门就点上烟了	新		no
#男子造谣贺州平桂5.3级地震被罚#	20260601	20260601_08:10:39	yes		男子造谣贺州平桂5.3级地震被罚	辟谣		yes
#张峻豪在二手平台卖衣服#	20260601	20260601_08:13:38	yes	#张峻豪在二手平台卖衣服#	张峻豪在二手平台卖衣服	新		no
#谷爱凌奚梦瑶婚礼晚宴合照#	20260601	20260601_08:13:38	yes	#谷爱凌奚梦瑶婚礼晚宴合照#	谷爱凌奚梦瑶婚礼晚宴合照	新		no
#陈妍希开放自家给谢楠当舞蹈室#	20260601	20260601_08:18:34	yes	#陈妍希开放自家给谢楠当舞蹈室#	陈妍希开放自家给谢楠当舞蹈室			no
#哈尔滨大风过山车停摆倒挂半空#	20260601	20260601_08:21:16	yes	#哈尔滨大风过山车停摆倒挂半空#	哈尔滨大风过山车停摆倒挂半空	新		no
#ARASHI解散演唱会#	20260601	20260601_08:28:17	no	ARASHI解散演唱会	ARASHI解散演唱会	新	演出	no
#成毅沉迷下象棋#	20260601	20260601_08:30:36	no	成毅沉迷下象棋	成毅沉迷下象棋			no
#好多明星去看了谢霆锋演唱会#	20260601	20260601_08:30:36	yes	#好多明星去看了谢霆锋演唱会#	好多明星去看了谢霆锋演唱会	新	演出	no
#白鹿喝中药调理身体和睡眠#	20260601	20260601_08:32:59	yes	#白鹿喝中药调理身体和睡眠#	白鹿喝中药调理身体和睡眠	新		no
#王鹤棣直播感谢粉丝#	20260601	20260601_08:35:09	yes	#王鹤棣直播感谢粉丝#	王鹤棣直播感谢粉丝			no
#莱奥自宣离队#	20260601	20260601_08:39:22	no	莱奥自宣离队	莱奥自宣离队	新		no
#天涯社区#	20260601	20260601_08:42:22	no	天涯社区	天涯社区	新		no
#多方回应超市运送的猪肉被狗啃食#	20260601	20260601_08:46:14	yes	#多方回应超市运送的猪肉被狗啃食#	多方回应超市运送的猪肉被狗啃食	新		no
#樊振东回应三冠王#	20260601	20260601_08:50:34	yes	#樊振东回应三冠王#	樊振东回应三冠王	新		no
#樊振东十全十美收官#	20260601	20260601_08:50:34	no	樊振东十全十美收官	樊振东十全十美收官			no
#儿童节#	20260601	20260601_08:54:47	no	儿童节	儿童节			no
#王橹杰生周#	20260601	20260601_08:54:47	no	王橹杰生周	王橹杰生周	新		no
#医生谈5岁男孩半夜咳嗽像小狗叫#	20260601	20260601_08:54:47	yes	#医生谈5岁男孩半夜咳嗽像小狗叫#	医生谈5岁男孩半夜咳嗽像小狗叫	新		no
#边牧被偷后宰杀主人痛哭拒绝和解#	20260601	20260601_08:56:04	yes	#边牧被偷后宰杀主人痛哭拒绝和解#	边牧被偷后宰杀主人痛哭拒绝和解	新		no
#58岁走红拉丁裁判紧绷了45年#	20260601	20260601_08:56:04	yes	#58岁走红拉丁裁判紧绷了45年#	58岁走红拉丁裁判紧绷了45年	新		no
#浙江企业机器人都能制衣了#	20260601	20260601_08:56:04	no	浙江企业机器人都能制衣了	浙江企业机器人都能制衣了	新		no
#关晓彤李昀锐这个搂肩对视#	20260601	20260601_08:58:05	yes	#关晓彤李昀锐这个搂肩对视#	关晓彤李昀锐这个搂肩对视	新	剧集	no
#天涯社区发长文#	20260601	20260601_08:58:05	yes	#天涯社区发长文#	天涯社区发长文	新		no
#法网2026#	20260601	20260601_08:59:12	no	法网2026	法网2026			no
#何猷君奚梦瑶婚礼欢迎晚宴#	20260601	20260601_09:00:25	yes	#何猷君奚梦瑶婚礼欢迎晚宴#	何猷君奚梦瑶婚礼欢迎晚宴	热		no
#郭宇欣回应AI无法替代演员的部分#	20260601	20260601_09:01:48	no	郭宇欣回应AI无法替代演员的部分	郭宇欣回应AI无法替代演员的部分	新		no
#小米17T系列定档6月8日发布#	20260601	20260601_09:04:33	yes		小米17T系列定档6月8日发布	官宣		yes
#樊振东3比2贾哈#	20260601	20260601_09:04:33	no	樊振东3比2贾哈	樊振东3比2贾哈			no
#益起过六一#	20260601	20260601_09:05:47	yes		益起过六一	益		yes
#天涯神帖#	20260601	20260601_09:11:00	no	天涯神帖	天涯神帖			no
#萨尔布吕肯回应三冠王#	20260601	20260601_09:12:24	yes	#萨尔布吕肯回应三冠王#	萨尔布吕肯回应三冠王			no
#6月金股#	20260601	20260601_09:13:53	yes	#6月金股#	6月金股	新		no
#啪姐卡哥登记结婚#	20260601	20260601_09:16:30	yes	#啪姐卡哥登记结婚#	啪姐卡哥登记结婚	新		no
#宋雨琦短发马甲线#	20260601	20260601_09:18:51	yes	#宋雨琦短发马甲线#	宋雨琦短发马甲线			no
#刘亦菲刘诗诗 代言#	20260601	20260601_09:20:02	no	刘亦菲刘诗诗 代言	刘亦菲刘诗诗 代言	新		no
#爱情公寓2026迎来了NPC宣发期#	20260601	20260601_09:23:41	yes	#爱情公寓2026迎来了NPC宣发期#	爱情公寓2026迎来了NPC宣发期	热	剧集	no
#樊振东身穿三冠T恤#	20260601	20260601_09:23:41	yes	#樊振东身穿三冠T恤#	樊振东身穿三冠T恤	新		no
#存储器价格暴涨近1000%原因#	20260601	20260601_09:35:01	yes	#存储器价格暴涨近1000%原因#	存储器价格暴涨近1000%原因			no
#汪苏泷一直指我是什么意思#	20260601	20260601_09:35:01	yes	#汪苏泷一直指我是什么意思#	汪苏泷一直指我是什么意思		演出	no
#王源工体上座率#	20260601	20260601_09:35:01	yes	#王源工体上座率#	王源工体上座率		晚会	no
#万花世界4个原主每人不超过3分钟#	20260601	20260601_09:39:55	yes	#万花世界4个原主每人不超过3分钟#	万花世界4个原主每人不超过3分钟		剧集	no
#中学生一出校门就点上烟了#	20260601	20260601_09:39:55	no	中学生一出校门就点上烟了	中学生一出校门就点上烟了			no
#男子手机丢失献血时顺走护士手机#	20260601	20260601_09:39:55	yes	#男子手机丢失献血时顺走护士手机#	男子手机丢失献血时顺走护士手机	新		no
#中国团队发布无人机作战团灭算法#	20260601	20260601_09:41:15	yes	#中国团队发布无人机作战团灭算法#	中国团队发布无人机作战团灭算法	新		no
#张峻豪在二手平台卖衣服#	20260601	20260601_09:43:28	yes	#张峻豪在二手平台卖衣服#	张峻豪在二手平台卖衣服	热		no
#谷爱凌奚梦瑶婚礼晚宴合照#	20260601	20260601_09:43:28	yes	#谷爱凌奚梦瑶婚礼晚宴合照#	谷爱凌奚梦瑶婚礼晚宴合照	热		no
#张雪安慰德比斯#	20260601	20260601_09:45:36	yes	#张雪安慰德比斯#	张雪安慰德比斯	新		no
#曾沛慈咳嗽因不舍粉丝仍在清唱#	20260601	20260601_09:45:36	yes	#曾沛慈咳嗽因不舍粉丝仍在清唱#	曾沛慈咳嗽因不舍粉丝仍在清唱	新		no
#哈尔滨大风过山车停摆倒挂半空#	20260601	20260601_09:50:32	yes	#哈尔滨大风过山车停摆倒挂半空#	哈尔滨大风过山车停摆倒挂半空			no
#菲律宾防长走后厨躲什么#	20260601	20260601_09:50:32	yes	#菲律宾防长走后厨躲什么#	菲律宾防长走后厨躲什么	新		no
#刘红兵婚后那么多年对娥从没变过#	20260601	20260601_09:52:19	yes	#刘红兵婚后那么多年对娥从没变过#	刘红兵婚后那么多年对娥从没变过	新	剧集	no
#ARASHI解散演唱会#	20260601	20260601_09:56:42	no	ARASHI解散演唱会	ARASHI解散演唱会		演出	no
#全国少先队员共1.12亿名#	20260601	20260601_09:59:01	yes	#全国少先队员共1.12亿名#	全国少先队员共1.12亿名	新		no
#谷爱凌奚梦瑶婚礼晚宴合照#	20260601	20260601_09:59:01	yes	#谷爱凌奚梦瑶婚礼晚宴合照#	谷爱凌奚梦瑶婚礼晚宴合照			no
#好多明星去看了谢霆锋演唱会#	20260601	20260601_10:01:19	yes	#好多明星去看了谢霆锋演唱会#	好多明星去看了谢霆锋演唱会	沸	演出	no
#哈尔滨大风#	20260601	20260601_10:01:19	no	哈尔滨大风	哈尔滨大风	新		no
#白鹿喝中药调理身体和睡眠#	20260601	20260601_10:04:00	yes	#白鹿喝中药调理身体和睡眠#	白鹿喝中药调理身体和睡眠	热		no
#哈尔滨为何遭遇高温和沙尘暴突袭#	20260601	20260601_10:04:00	yes	#哈尔滨为何遭遇高温和沙尘暴突袭#	哈尔滨为何遭遇高温和沙尘暴突袭	新		no
#周鸿祎谈AI圈重要转折点#	20260601	20260601_10:04:00	yes	#周鸿祎谈AI圈重要转折点#	周鸿祎谈AI圈重要转折点	新		no
#家业 煽情#	20260601	20260601_10:04:00	no	家业 煽情	家业 煽情	新		no
#忆秦娥复出镜头#	20260601	20260601_10:04:00	no	忆秦娥复出镜头	忆秦娥复出镜头	新		no
#6月1日起我国全面进入汛期#	20260601	20260601_10:06:01	yes	#6月1日起我国全面进入汛期#	6月1日起我国全面进入汛期	新		no
#张峻豪在二手平台卖衣服#	20260601	20260601_10:06:01	yes	#张峻豪在二手平台卖衣服#	张峻豪在二手平台卖衣服			no
#小米汽车5月交付超过30000台#	20260601	20260601_10:06:01	yes	#小米汽车5月交付超过30000台#	小米汽车5月交付超过30000台	新		no
#白鹿喝中药调理身体和睡眠#	20260601	20260601_10:08:13	yes	#白鹿喝中药调理身体和睡眠#	白鹿喝中药调理身体和睡眠			no
#A股#	20260601	20260601_10:08:13	no	A股	A股	新		no
#迪丽热巴嘉人6月刊预告#	20260601	20260601_10:08:13	yes	#迪丽热巴嘉人6月刊预告#	迪丽热巴嘉人6月刊预告	新		no
#爱情公寓2026迎来了NPC宣发期#	20260601	20260601_10:10:30	yes	#爱情公寓2026迎来了NPC宣发期#	爱情公寓2026迎来了NPC宣发期		剧集	no
#天涯社区#	20260601	20260601_10:12:31	no	天涯社区	天涯社区	沸		no
#算力金属锡价格暴涨#	20260601	20260601_10:15:08	yes	#算力金属锡价格暴涨#	算力金属锡价格暴涨	新		no
#樊振东回应三冠王#	20260601	20260601_10:21:11	yes	#樊振东回应三冠王#	樊振东回应三冠王			no
#哈尔滨居民家里楼道里吹进厚厚沙尘#	20260601	20260601_10:21:11	yes	#哈尔滨居民家里楼道里吹进厚厚沙尘#	哈尔滨居民家里楼道里吹进厚厚沙尘	新		no
#孙颖莎樊振东全红婵们等比例长大#	20260601	20260601_10:21:11	no	孙颖莎樊振东全红婵们等比例长大	孙颖莎樊振东全红婵们等比例长大	新		no
#58岁走红拉丁裁判紧绷了45年#	20260601	20260601_10:26:25	yes	#58岁走红拉丁裁判紧绷了45年#	58岁走红拉丁裁判紧绷了45年			no
#王橹杰生周#	20260601	20260601_10:26:25	no	王橹杰生周	王橹杰生周			no
#天涯社区发长文#	20260601	20260601_10:27:38	yes	#天涯社区发长文#	天涯社区发长文			no
#关晓彤李昀锐这个搂肩对视#	20260601	20260601_10:27:38	yes	#关晓彤李昀锐这个搂肩对视#	关晓彤李昀锐这个搂肩对视		剧集	no
#白敬亭魏翔新片定档#	20260601	20260601_10:27:38	yes	#白敬亭魏翔新片定档#	白敬亭魏翔新片定档	新	电影	no
#医生谈5岁男孩半夜咳嗽像小狗叫#	20260601	20260601_10:27:38	yes	#医生谈5岁男孩半夜咳嗽像小狗叫#	医生谈5岁男孩半夜咳嗽像小狗叫			no
#男子回应醉酒闯入女子家中#	20260601	20260601_10:39:58	yes	#男子回应醉酒闯入女子家中#	男子回应醉酒闯入女子家中	新		no
#天涯社区今起开放访问#	20260601	20260601_10:43:37	yes	#天涯社区今起开放访问#	天涯社区今起开放访问	新		no
#啪姐卡哥登记结婚#	20260601	20260601_10:47:26	yes	#啪姐卡哥登记结婚#	啪姐卡哥登记结婚			no
#中方坚决反对维斯特奇尔窜台#	20260601	20260601_10:47:26	yes	#中方坚决反对维斯特奇尔窜台#	中方坚决反对维斯特奇尔窜台	新		no
#日本排外情绪空前高涨#	20260601	20260601_10:48:39	yes	#日本排外情绪空前高涨#	日本排外情绪空前高涨	新		no
#小米17T发布定档#	20260601	20260601_10:48:39	yes	#小米17T发布定档#	小米17T发布定档	新		no
#RW 归期#	20260601	20260601_10:48:39	no	RW 归期	RW 归期	新		no
#刘亦菲刘诗诗 代言#	20260601	20260601_10:49:47	no	刘亦菲刘诗诗 代言	刘亦菲刘诗诗 代言	热		no
#白举纲宣布当爸#	20260601	20260601_10:49:47	yes	#白举纲宣布当爸#	白举纲宣布当爸	新		no
#游客心态#	20260601	20260601_10:56:10	no	游客心态	游客心态	新		no
#夏天要做的一百件小事#	20260601	20260601_10:57:45	no	夏天要做的一百件小事	夏天要做的一百件小事	新		no
#有事和身体商量真有用#	20260601	20260601_11:01:10	no	有事和身体商量真有用	有事和身体商量真有用	新		no
#冰香蕉拿铁#	20260601	20260601_11:02:56	no	冰香蕉拿铁	冰香蕉拿铁	新		no
#忆秦娥以史上最小年龄拿下戏曲奖#	20260601	20260601_11:02:56	yes	#忆秦娥以史上最小年龄拿下戏曲奖#	忆秦娥以史上最小年龄拿下戏曲奖	新	剧集	no
#家业七祖母下线了#	20260601	20260601_11:02:56	yes	#家业七祖母下线了#	家业七祖母下线了	新		no
#中国海警实现环台岛执法#	20260601	20260601_11:02:56	yes	#中国海警实现环台岛执法#	中国海警实现环台岛执法	新		no
#张信哲张韶涵回应演唱会取消#	20260601	20260601_11:04:38	yes	#张信哲张韶涵回应演唱会取消#	张信哲张韶涵回应演唱会取消	新	演出	no
#中小学便利店扎堆卖槟榔#	20260601	20260601_11:04:38	yes	#中小学便利店扎堆卖槟榔#	中小学便利店扎堆卖槟榔	新		no
#本周做什么都顺的星座#	20260601	20260601_11:05:51	yes	#本周做什么都顺的星座#	本周做什么都顺的星座	新		no
#男子手机丢失献血时顺走护士手机#	20260601	20260601_11:09:27	yes	#男子手机丢失献血时顺走护士手机#	男子手机丢失献血时顺走护士手机	热		no
#男子手机丢失献血时顺走护士手机#	20260601	20260601_11:10:47	yes	#男子手机丢失献血时顺走护士手机#	男子手机丢失献血时顺走护士手机			no
#中国团队发布无人机作战团灭算法#	20260601	20260601_11:10:47	yes	#中国团队发布无人机作战团灭算法#	中国团队发布无人机作战团灭算法			no
#文班晋级总决赛获少林师傅祝福#	20260601	20260601_11:11:54	yes	#文班晋级总决赛获少林师傅祝福#	文班晋级总决赛获少林师傅祝福	新		no
#张雪安慰德比斯#	20260601	20260601_11:15:23	yes	#张雪安慰德比斯#	张雪安慰德比斯			no
#王嘉尔是何猷君婚礼伴郎#	20260601	20260601_11:16:34	yes	#王嘉尔是何猷君婚礼伴郎#	王嘉尔是何猷君婚礼伴郎	新		no
#不同年代人的童年有多不一样#	20260601	20260601_11:21:06	yes	#不同年代人的童年有多不一样#	不同年代人的童年有多不一样	新		no
#刘红兵婚后那么多年对娥从没变过#	20260601	20260601_11:23:19	yes	#刘红兵婚后那么多年对娥从没变过#	刘红兵婚后那么多年对娥从没变过		剧集	no
#谁给董洁做的妆造#	20260601	20260601_11:25:41	yes	#谁给董洁做的妆造#	谁给董洁做的妆造	新		no
#鸿蒙智行5月交付46122辆#	20260601	20260601_11:30:01	yes	#鸿蒙智行5月交付46122辆#	鸿蒙智行5月交付46122辆	新		no
#有种被整个幼儿园背叛的感觉#	20260601	20260601_11:30:01	no	有种被整个幼儿园背叛的感觉	有种被整个幼儿园背叛的感觉	新		no
#原来有人兜底的感觉真好#	20260601	20260601_11:30:01	no	原来有人兜底的感觉真好	原来有人兜底的感觉真好	新		no
#腾讯视频6月电视剧片单#	20260601	20260601_11:33:12	yes	#腾讯视频6月电视剧片单#	腾讯视频6月电视剧片单	新	剧集	no
#哈尔滨为何遭遇高温和沙尘暴突袭#	20260601	20260601_11:33:12	yes	#哈尔滨为何遭遇高温和沙尘暴突袭#	哈尔滨为何遭遇高温和沙尘暴突袭			no
#孙怡忍了三天 发现自己真的很爱#	20260601	20260601_11:33:12	no	孙怡忍了三天 发现自己真的很爱	孙怡忍了三天 发现自己真的很爱	新		no
#6月1日起我国全面进入汛期#	20260601	20260601_11:35:53	yes	#6月1日起我国全面进入汛期#	6月1日起我国全面进入汛期			no
#小米汽车5月交付超过30000台#	20260601	20260601_11:35:53	yes	#小米汽车5月交付超过30000台#	小米汽车5月交付超过30000台			no
#罗云熙官宣演唱会#	20260601	20260601_11:35:53	no	罗云熙官宣演唱会	罗云熙官宣演唱会	新	演出	no
#男童100元变卖20克金条#	20260601	20260601_11:35:53	yes	#男童100元变卖20克金条#	男童100元变卖20克金条	新		no
#刘宇宁六月行程#	20260601	20260601_11:35:53	no	刘宇宁六月行程	刘宇宁六月行程	新		no
#迪丽热巴嘉人6月刊预告#	20260601	20260601_11:37:11	yes	#迪丽热巴嘉人6月刊预告#	迪丽热巴嘉人6月刊预告			no
#兔子 老祖宗的规矩不能断送#	20260601	20260601_11:37:11	no	兔子 老祖宗的规矩不能断送	兔子 老祖宗的规矩不能断送	新		no
#A股#	20260601	20260601_11:38:23	no	A股	A股			no
#这一次我比男主先爱上女主#	20260601	20260601_11:38:23	yes	#这一次我比男主先爱上女主#	这一次我比男主先爱上女主	新	剧集	no
#迪丽热巴cos小蛋糕#	20260601	20260601_11:39:41	yes	#迪丽热巴cos小蛋糕#	迪丽热巴cos小蛋糕	新		no
#天涯社区复活#	20260601	20260601_11:42:01	no	天涯社区复活	天涯社区复活	新		no
#哈尔滨巨星演唱会中断亲历者发声#	20260601	20260601_11:42:01	yes	#哈尔滨巨星演唱会中断亲历者发声#	哈尔滨巨星演唱会中断亲历者发声	新		no
#手机内文物照被闲鱼擅自上架售卖#	20260601	20260601_11:43:12	yes	#手机内文物照被闲鱼擅自上架售卖#	手机内文物照被闲鱼擅自上架售卖	新		no
#白鹿丞磊莫离剧宣发力了#	20260601	20260601_11:43:12	yes	#白鹿丞磊莫离剧宣发力了#	白鹿丞磊莫离剧宣发力了	新	剧集	no
#2026年最火表情包出现了#	20260601	20260601_11:44:37	yes	#2026年最火表情包出现了#	2026年最火表情包出现了	新		no
#天涯社区#	20260601	20260601_11:46:10	no	天涯社区	天涯社区	热		no
#孙颖莎樊振东全红婵们等比例长大#	20260601	20260601_11:51:26	no	孙颖莎樊振东全红婵们等比例长大	孙颖莎樊振东全红婵们等比例长大			no
#杨紫近一两年都不会参加综艺#	20260601	20260601_11:53:12	yes	#杨紫近一两年都不会参加综艺#	杨紫近一两年都不会参加综艺	新		no
#东山精密跌停#	20260601	20260601_11:53:12	no	东山精密跌停	东山精密跌停	新		no
#天涯社区#	20260601	20260601_11:54:33	no	天涯社区	天涯社区			no
#白敬亭魏翔新片定档#	20260601	20260601_11:58:32	yes	#白敬亭魏翔新片定档#	白敬亭魏翔新片定档		电影	no
#谭松韵代旭新剧开机#	20260601	20260601_11:59:48	yes	#谭松韵代旭新剧开机#	谭松韵代旭新剧开机	新	剧集	no
#用AI回到童年#	20260601	20260601_12:01:18	yes		用AI回到童年	荐		yes
#19.9和2000元的防晒衣有什么区别#	20260601	20260601_12:02:34	yes	#19.9和2000元的防晒衣有什么区别#	19.9和2000元的防晒衣有什么区别	新		no
#小黄豆单日销售额超1500万#	20260601	20260601_12:02:34	yes	#小黄豆单日销售额超1500万#	小黄豆单日销售额超1500万	新		no
#连云港辟谣抓获人贩子解救多名儿童#	20260601	20260601_12:03:50	yes		连云港辟谣抓获人贩子解救多名儿童	辟谣		yes
#王力宏回应被叫法拉利#	20260601	20260601_12:03:50	yes	#王力宏回应被叫法拉利#	王力宏回应被叫法拉利	新	演出	no
#100位明星齐聚天猫618#	20260601	20260601_12:03:50	yes	#100位明星齐聚天猫618#	100位明星齐聚天猫618	新		no
#好多明星去看了谢霆锋演唱会#	20260601	20260601_12:05:02	yes	#好多明星去看了谢霆锋演唱会#	好多明星去看了谢霆锋演唱会		演出	no
#鹅鸭杀S3赛季#	20260601	20260601_12:07:16	yes		鹅鸭杀S3赛季	荐		yes
#猫的大脑处理不了那么多事#	20260601	20260601_12:09:56	no	猫的大脑处理不了那么多事	猫的大脑处理不了那么多事	新		no
#巴西6比2巴拿马#	20260601	20260601_12:12:38	yes	#巴西6比2巴拿马#	巴西6比2巴拿马	新		no
#肖战穆祉丞十日终焉路透#	20260601	20260601_12:16:17	yes	#肖战穆祉丞十日终焉路透#	肖战穆祉丞十日终焉路透	新	剧集	no
#龙舟赛前永州2艘龙舟被人为烧坏#	20260601	20260601_12:16:17	yes	#龙舟赛前永州2艘龙舟被人为烧坏#	龙舟赛前永州2艘龙舟被人为烧坏	新		no
#日本排外情绪空前高涨#	20260601	20260601_12:18:43	yes	#日本排外情绪空前高涨#	日本排外情绪空前高涨			no
#小米17T发布定档#	20260601	20260601_12:18:43	yes	#小米17T发布定档#	小米17T发布定档			no
#樰姐来了开撕岳雨婷#	20260601	20260601_12:18:43	yes	#樰姐来了开撕岳雨婷#	樰姐来了开撕岳雨婷	新		no
#六一快乐请你喝奶茶#	20260601	20260601_12:21:09	yes		六一快乐请你喝奶茶	荐		yes
#白举纲宣布当爸#	20260601	20260601_12:21:09	yes	#白举纲宣布当爸#	白举纲宣布当爸	热		no
#抢救的原因是抢救#	20260601	20260601_12:23:35	no	抢救的原因是抢救	抢救的原因是抢救	新		no
#杨紫说不会参加浪姐#	20260601	20260601_12:27:27	yes	#杨紫说不会参加浪姐#	杨紫说不会参加浪姐	新		no
#一代人有一代人的六一#	20260601	20260601_12:28:49	no	一代人有一代人的六一	一代人有一代人的六一	新		no
#有事和身体商量真有用#	20260601	20260601_12:31:00	no	有事和身体商量真有用	有事和身体商量真有用			no
#女子称洗澡遭醉酒男闯入欲行不轨#	20260601	20260601_12:31:00	yes	#女子称洗澡遭醉酒男闯入欲行不轨#	女子称洗澡遭醉酒男闯入欲行不轨	新		no
#鹭卓官宣巡演#	20260601	20260601_12:31:00	no	鹭卓官宣巡演	鹭卓官宣巡演	新	演出	no
#问界汽车#	20260601	20260601_12:32:25	no	问界汽车	问界汽车	新		no
#给5岁女儿买完万元Gucci裙子发现打折#	20260601	20260601_12:32:25	yes	#给5岁女儿买完万元Gucci裙子发现打折#	给5岁女儿买完万元Gucci裙子发现打折	新		no
#本周做什么都顺的星座#	20260601	20260601_12:35:47	yes	#本周做什么都顺的星座#	本周做什么都顺的星座			no
#刘宪华巡演官宣#	20260601	20260601_12:40:12	yes	#刘宪华巡演官宣#	刘宪华巡演官宣	新	演出	no
#林高远被小孩哥挽留当体育老师#	20260601	20260601_12:40:12	yes	#林高远被小孩哥挽留当体育老师#	林高远被小孩哥挽留当体育老师	新		no
#文班晋级总决赛获少林师傅祝福#	20260601	20260601_12:42:27	yes	#文班晋级总决赛获少林师傅祝福#	文班晋级总决赛获少林师傅祝福			no
#一支舞蹈加速外国人对日本祛魅#	20260601	20260601_12:42:27	yes	#一支舞蹈加速外国人对日本祛魅#	一支舞蹈加速外国人对日本祛魅	新		no
#守护平安与你童行#	20260601	20260601_12:44:24	no	守护平安与你童行	守护平安与你童行	新		no
#去河北喝古茗的时候记得穿上阿迪#	20260601	20260601_12:44:24	no	去河北喝古茗的时候记得穿上阿迪	去河北喝古茗的时候记得穿上阿迪	新		no
#王嘉尔是何猷君婚礼伴郎#	20260601	20260601_12:46:43	yes	#王嘉尔是何猷君婚礼伴郎#	王嘉尔是何猷君婚礼伴郎	热		no
#杨迪爬山朋友被救护车拉走#	20260601	20260601_12:48:56	no	杨迪爬山朋友被救护车拉走	杨迪爬山朋友被救护车拉走	新		no
#樊振东当上引荐人了#	20260601	20260601_12:53:11	no	樊振东当上引荐人了	樊振东当上引荐人了	新		no
#谁给董洁做的妆造#	20260601	20260601_12:55:41	yes	#谁给董洁做的妆造#	谁给董洁做的妆造			no
#AIPC概念股集体大涨#	20260601	20260601_12:55:41	yes	#AIPC概念股集体大涨#	AIPC概念股集体大涨	新		no
#学霸式旅游#	20260601	20260601_12:57:47	no	学霸式旅游	学霸式旅游	新		no
#有种被整个幼儿园背叛的感觉#	20260601	20260601_12:59:51	no	有种被整个幼儿园背叛的感觉	有种被整个幼儿园背叛的感觉			no
#石蕊回应#	20260601	20260601_12:59:51	yes	#石蕊回应#	石蕊回应	新		no
#鸿蒙智行5月交付46122辆#	20260601	20260601_12:59:51	yes	#鸿蒙智行5月交付46122辆#	鸿蒙智行5月交付46122辆			no
#腾讯视频6月电视剧片单#	20260601	20260601_13:02:36	yes	#腾讯视频6月电视剧片单#	腾讯视频6月电视剧片单		剧集	no
#孙怡忍了三天 发现自己真的很爱#	20260601	20260601_13:02:36	no	孙怡忍了三天 发现自己真的很爱	孙怡忍了三天 发现自己真的很爱	热		no
#农村自建房热背后#	20260601	20260601_13:02:36	yes	#农村自建房热背后#	农村自建房热背后	新		no
#罗云熙官宣演唱会#	20260601	20260601_13:05:10	no	罗云熙官宣演唱会	罗云熙官宣演唱会		演出	no
#男童100元变卖20克金条#	20260601	20260601_13:06:19	yes	#男童100元变卖20克金条#	男童100元变卖20克金条			no
#高考前发热怎么办#	20260601	20260601_13:06:19	yes	#高考前发热怎么办#	高考前发热怎么办	新		no
#京东1元拍卖世界上最快乐的地方#	20260601	20260601_13:07:41	yes	#京东1元拍卖世界上最快乐的地方#	京东1元拍卖世界上最快乐的地方	新		no
#迪丽热巴cos小蛋糕#	20260601	20260601_13:08:50	yes	#迪丽热巴cos小蛋糕#	迪丽热巴cos小蛋糕			no
#白鹿丞磊莫离剧宣发力了#	20260601	20260601_13:13:07	yes	#白鹿丞磊莫离剧宣发力了#	白鹿丞磊莫离剧宣发力了		剧集	no
#手机内文物照被闲鱼擅自上架售卖#	20260601	20260601_13:13:07	yes	#手机内文物照被闲鱼擅自上架售卖#	手机内文物照被闲鱼擅自上架售卖			no
#哈尔滨巨星演唱会中断亲历者发声#	20260601	20260601_13:13:07	yes	#哈尔滨巨星演唱会中断亲历者发声#	哈尔滨巨星演唱会中断亲历者发声			no
#天涯社区复活#	20260601	20260601_13:13:07	no	天涯社区复活	天涯社区复活			no
#美伊再互袭#	20260601	20260601_13:14:30	yes	#美伊再互袭#	美伊再互袭	新		no
#一车安全带全是P上去的#	20260601	20260601_13:16:18	yes	#一车安全带全是P上去的#	一车安全带全是P上去的	新		no
#开空调盖被子睡觉的感觉#	20260601	20260601_13:17:38	no	开空调盖被子睡觉的感觉	开空调盖被子睡觉的感觉	新		no
#杨紫近一两年都不会参加综艺#	20260601	20260601_13:21:35	yes	#杨紫近一两年都不会参加综艺#	杨紫近一两年都不会参加综艺		剧集	no
#奥迪跑车当警车面逆行炸街#	20260601	20260601_13:21:35	yes	#奥迪跑车当警车面逆行炸街#	奥迪跑车当警车面逆行炸街	新		no
#东山精密跌停#	20260601	20260601_13:23:50	no	东山精密跌停	东山精密跌停			no
#手机是我买过最回本的东西了#	20260601	20260601_13:23:50	no	手机是我买过最回本的东西了	手机是我买过最回本的东西了	新		no
#刘亦菲刘诗诗 代言#	20260601	20260601_13:25:33	no	刘亦菲刘诗诗 代言	刘亦菲刘诗诗 代言			no
#杨紫近一两年都不会参加综艺#	20260601	20260601_13:25:33	yes	#杨紫近一两年都不会参加综艺#	杨紫近一两年都不会参加综艺	热	剧集	no
#王嘉尔是何猷君婚礼伴郎#	20260601	20260601_13:25:33	yes	#王嘉尔是何猷君婚礼伴郎#	王嘉尔是何猷君婚礼伴郎			no
#迪丽热巴达成五大女刊满贯#	20260601	20260601_13:25:33	yes	#迪丽热巴达成五大女刊满贯#	迪丽热巴达成五大女刊满贯	新		no
#谭松韵代旭新剧开机#	20260601	20260601_13:29:12	yes	#谭松韵代旭新剧开机#	谭松韵代旭新剧开机		剧集	no
#时代少年团5月互动人数#	20260601	20260601_13:30:28	yes	#时代少年团5月互动人数#	时代少年团5月互动人数	新		no
#何猷君奚梦瑶举行婚礼#	20260601	20260601_13:35:26	no	何猷君奚梦瑶举行婚礼	何猷君奚梦瑶举行婚礼	新		no
#平板一键变身旋律玩家#	20260601	20260601_13:35:26	yes	#平板一键变身旋律玩家#	平板一键变身旋律玩家	新		no
#iOS28史诗级升级#	20260601	20260601_13:37:51	yes	#iOS28史诗级升级#	iOS28史诗级升级	新		no
#何猷君奚梦瑶儿女都这么大了#	20260601	20260601_13:39:21	yes	#何猷君奚梦瑶儿女都这么大了#	何猷君奚梦瑶儿女都这么大了	新		no
#侯明昊 歌手帮唱#	20260601	20260601_13:39:21	no	侯明昊 歌手帮唱	侯明昊 歌手帮唱	新	综艺	no
#盲人博主怒斥抱抱盲兔摆拍#	20260601	20260601_13:41:14	yes	#盲人博主怒斥抱抱盲兔摆拍#	盲人博主怒斥抱抱盲兔摆拍	新		no
#猫的大脑处理不了那么多事#	20260601	20260601_13:41:14	no	猫的大脑处理不了那么多事	猫的大脑处理不了那么多事			no
#刘宇宁唱到一半笑场了#	20260601	20260601_13:41:14	yes	#刘宇宁唱到一半笑场了#	刘宇宁唱到一半笑场了	新	晚会	no
#肖战穆祉丞十日终焉路透#	20260601	20260601_13:47:00	yes	#肖战穆祉丞十日终焉路透#	肖战穆祉丞十日终焉路透	热	剧集	no
#灵魂摆渡十年定档#	20260601	20260601_13:47:00	no	灵魂摆渡十年定档	灵魂摆渡十年定档	新	剧集	no
#肖战穆祉丞十日终焉路透#	20260601	20260601_13:49:47	yes	#肖战穆祉丞十日终焉路透#	肖战穆祉丞十日终焉路透		剧集	no
#樰姐来了开撕岳雨婷#	20260601	20260601_13:49:47	yes	#樰姐来了开撕岳雨婷#	樰姐来了开撕岳雨婷			no
#王源最年轻三连开歌手#	20260601	20260601_13:49:47	yes	#王源最年轻三连开歌手#	王源最年轻三连开歌手	新	演出	no
#魏晨水下求婚 老婆只顾着追鱼#	20260601	20260601_13:52:20	no	魏晨水下求婚 老婆只顾着追鱼	魏晨水下求婚 老婆只顾着追鱼	新	综艺	no
#抢救的原因是抢救#	20260601	20260601_13:54:12	no	抢救的原因是抢救	抢救的原因是抢救			no
#全国少先队员共1.12亿名#	20260601	20260601_13:56:45	yes	#全国少先队员共1.12亿名#	全国少先队员共1.12亿名			no
#杨紫说不会参加浪姐#	20260601	20260601_13:56:45	yes	#杨紫说不会参加浪姐#	杨紫说不会参加浪姐			no
#一代人有一代人的六一#	20260601	20260601_13:57:52	no	一代人有一代人的六一	一代人有一代人的六一			no
#女子称洗澡遭醉酒男闯入欲行不轨#	20260601	20260601_14:00:47	yes	#女子称洗澡遭醉酒男闯入欲行不轨#	女子称洗澡遭醉酒男闯入欲行不轨			no
#天涯回归被挤爆了#	20260601	20260601_14:00:47	no	天涯回归被挤爆了	天涯回归被挤爆了	新		no
#给5岁女儿买完万元Gucci裙子发现打折#	20260601	20260601_14:02:30	yes	#给5岁女儿买完万元Gucci裙子发现打折#	给5岁女儿买完万元Gucci裙子发现打折			no
#给5岁女儿买完万元Gucci裙子发现打折#	20260601	20260601_14:04:19	yes	#给5岁女儿买完万元Gucci裙子发现打折#	给5岁女儿买完万元Gucci裙子发现打折	热		no
#六一解锁成长新高度#	20260601	20260601_14:04:19	yes	#六一解锁成长新高度#	六一解锁成长新高度	新		no
#何小鹏花大价钱招三清层次毕业生#	20260601	20260601_14:06:56	yes	#何小鹏花大价钱招三清层次毕业生#	何小鹏花大价钱招三清层次毕业生	新		no
#去河北喝古茗的时候记得穿上阿迪#	20260601	20260601_14:12:34	no	去河北喝古茗的时候记得穿上阿迪	去河北喝古茗的时候记得穿上阿迪			no
#鞠婧祎发了苏绿夏九宫格#	20260601	20260601_14:12:34	yes	#鞠婧祎发了苏绿夏九宫格#	鞠婧祎发了苏绿夏九宫格	新		no
#杨迪爬山朋友被救护车拉走#	20260601	20260601_14:18:25	no	杨迪爬山朋友被救护车拉走	杨迪爬山朋友被救护车拉走			no
#半熟恋人5开播#	20260601	20260601_14:18:25	yes	#半熟恋人5开播#	半熟恋人5开播	新	综艺	no
#樊振东当上引荐人了#	20260601	20260601_14:23:13	no	樊振东当上引荐人了	樊振东当上引荐人了			no
#官方回应给阿嬷的情书取景地乱收费#	20260601	20260601_14:25:41	yes	#官方回应给阿嬷的情书取景地乱收费#	官方回应给阿嬷的情书取景地乱收费	新		no
#独库公路每年仅开放约4个月#	20260601	20260601_14:25:41	yes	#独库公路每年仅开放约4个月#	独库公路每年仅开放约4个月	新		no
#日本如何通过菲律宾复活军国主义#	20260601	20260601_14:25:41	yes	#日本如何通过菲律宾复活军国主义#	日本如何通过菲律宾复活军国主义	新		no
#跨省倒卖无偿献血证5人被批捕#	20260601	20260601_14:28:39	yes	#跨省倒卖无偿献血证5人被批捕#	跨省倒卖无偿献血证5人被批捕	新		no
#石蕊回应#	20260601	20260601_14:29:52	yes	#石蕊回应#	石蕊回应			no
#抗幽门螺旋杆菌的四联疗法#	20260601	20260601_14:29:52	no	抗幽门螺旋杆菌的四联疗法	抗幽门螺旋杆菌的四联疗法	新		no
#小米发布会新主讲人#	20260601	20260601_14:29:52	yes	#小米发布会新主讲人#	小米发布会新主讲人	新		no
#美国网友吐槽水果似橡胶#	20260601	20260601_14:31:18	no	美国网友吐槽水果似橡胶	美国网友吐槽水果似橡胶	新		no
#灯花笑 田曦薇#	20260601	20260601_14:35:31	no	灯花笑 田曦薇	灯花笑 田曦薇	新		no
#华为发布会#	20260601	20260601_14:36:46	no	华为发布会	华为发布会	新		no
#NBA总决赛地板有那味儿了#	20260601	20260601_14:37:57	yes	#NBA总决赛地板有那味儿了#	NBA总决赛地板有那味儿了	新		no
#一车安全带全是P上去的#	20260601	20260601_14:45:30	yes	#一车安全带全是P上去的#	一车安全带全是P上去的	热	综艺	no
#开空调盖被子睡觉的感觉#	20260601	20260601_14:46:48	no	开空调盖被子睡觉的感觉	开空调盖被子睡觉的感觉			no
#时代少年团亮相华为发布会#	20260601	20260601_14:49:50	no	时代少年团亮相华为发布会	时代少年团亮相华为发布会	新		no
#闲鱼道歉#	20260601	20260601_14:51:10	yes	#闲鱼道歉#	闲鱼道歉	新		no
#美加墨世界杯球员身价榜#	20260601	20260601_14:51:10	yes	#美加墨世界杯球员身价榜#	美加墨世界杯球员身价榜	新		no
#爱奇艺6月待播剧#	20260601	20260601_14:51:10	yes	#爱奇艺6月待播剧#	爱奇艺6月待播剧	新		no
#白鹿剧宣睡过头了#	20260601	20260601_14:52:37	yes	#白鹿剧宣睡过头了#	白鹿剧宣睡过头了	新	剧集	no
#曝歌手帮唱嘉宾#	20260601	20260601_14:52:37	no	曝歌手帮唱嘉宾	曝歌手帮唱嘉宾	新	综艺	no
#手机是我买过最回本的东西了#	20260601	20260601_14:53:48	no	手机是我买过最回本的东西了	手机是我买过最回本的东西了			no
#迪丽热巴达成五大女刊满贯#	20260601	20260601_14:55:02	yes	#迪丽热巴达成五大女刊满贯#	迪丽热巴达成五大女刊满贯			no
#央视曝烟草花式围猎青少年#	20260601	20260601_14:59:54	yes	#央视曝烟草花式围猎青少年#	央视曝烟草花式围猎青少年	新		no
#金正恩携女儿视察温室农场#	20260601	20260601_14:59:54	yes	#金正恩携女儿视察温室农场#	金正恩携女儿视察温室农场	新		no
#白举纲宣布当爸#	20260601	20260601_15:04:32	yes	#白举纲宣布当爸#	白举纲宣布当爸			no
#大学生一旦过了13周#	20260601	20260601_15:04:32	no	大学生一旦过了13周	大学生一旦过了13周	新		no
#哈尔滨大风一居民楼窗户从楼顶吹落#	20260601	20260601_15:06:08	yes	#哈尔滨大风一居民楼窗户从楼顶吹落#	哈尔滨大风一居民楼窗户从楼顶吹落	新		no
#天猫与你一探真箱#	20260601	20260601_15:06:08	yes	#天猫与你一探真箱#	天猫与你一探真箱	新		no
#侯明昊 歌手帮唱#	20260601	20260601_15:08:53	no	侯明昊 歌手帮唱	侯明昊 歌手帮唱		综艺	no
#iOS28史诗级升级#	20260601	20260601_15:08:53	yes	#iOS28史诗级升级#	iOS28史诗级升级			no
#何猷君奚梦瑶儿女都这么大了#	20260601	20260601_15:08:53	yes	#何猷君奚梦瑶儿女都这么大了#	何猷君奚梦瑶儿女都这么大了			no
#主角开分8.2#	20260601	20260601_15:11:39	yes	#主角开分8.2#	主角开分8.2	新	剧集	no
#AIPC概念股集体大涨#	20260601	20260601_15:13:55	yes	#AIPC概念股集体大涨#	AIPC概念股集体大涨			no
#灵魂摆渡十年定档#	20260601	20260601_15:16:54	no	灵魂摆渡十年定档	灵魂摆渡十年定档		剧集	no
#华为发布nova16#	20260601	20260601_15:16:54	yes	#华为发布nova16#	华为发布nova16	新		no
#郑丽文今晚启程访美#	20260601	20260601_15:17:59	yes	#郑丽文今晚启程访美#	郑丽文今晚启程访美	新		no
#古茗什么时候原谅北京#	20260601	20260601_15:19:26	no	古茗什么时候原谅北京	古茗什么时候原谅北京	新		no
#崩坏星穹铁道#	20260601	20260601_15:19:26	no	崩坏星穹铁道	崩坏星穹铁道	新		no
#多方回应索菲亚教堂棚顶疑被掀飞#	20260601	20260601_15:20:29	yes	#多方回应索菲亚教堂棚顶疑被掀飞#	多方回应索菲亚教堂棚顶疑被掀飞	新		no
#朋友圈式切西瓜#	20260601	20260601_15:20:29	no	朋友圈式切西瓜	朋友圈式切西瓜	新		no
#魏晨水下求婚 老婆只顾着追鱼#	20260601	20260601_15:22:03	no	魏晨水下求婚 老婆只顾着追鱼	魏晨水下求婚 老婆只顾着追鱼	热	综艺	no
#伊朗革命卫队宣布打击美军基地#	20260601	20260601_15:24:24	yes	#伊朗革命卫队宣布打击美军基地#	伊朗革命卫队宣布打击美军基地	新		no
#杨紫工作已经排到10月了#	20260601	20260601_15:25:24	yes	#杨紫工作已经排到10月了#	杨紫工作已经排到10月了	新		no
#刘亦菲晒波兰随拍#	20260601	20260601_15:26:45	yes	#刘亦菲晒波兰随拍#	刘亦菲晒波兰随拍	新		no
#天涯回归被挤爆了#	20260601	20260601_15:31:09	no	天涯回归被挤爆了	天涯回归被挤爆了			no
#Gucci回应买完万元裙子发现打折#	20260601	20260601_15:31:09	yes	#Gucci回应买完万元裙子发现打折#	Gucci回应买完万元裙子发现打折	新		no
#等风热吻你备案24集#	20260601	20260601_15:31:09	yes	#等风热吻你备案24集#	等风热吻你备案24集	新	剧集	no
#去城里办事穿什么#	20260601	20260601_15:32:56	no	去城里办事穿什么	去城里办事穿什么	新		no
#韩国SK海力士工厂发生火灾#	20260601	20260601_15:35:23	yes	#韩国SK海力士工厂发生火灾#	韩国SK海力士工厂发生火灾	新		no
#NBA总决赛唐斯能限制文班吗#	20260601	20260601_15:37:37	yes	#NBA总决赛唐斯能限制文班吗#	NBA总决赛唐斯能限制文班吗	新		no
#奔跑吧只有周深宋雨琦系安全带#	20260601	20260601_15:41:10	yes	#奔跑吧只有周深宋雨琦系安全带#	奔跑吧只有周深宋雨琦系安全带	新	综艺	no
#nova16价格#	20260601	20260601_15:45:53	no	nova16价格	nova16价格	新		no
#顾诵芬院士逝世#	20260601	20260601_15:48:34	yes	#顾诵芬院士逝世#	顾诵芬院士逝世	新		no
#锤娜丽莎公开和李川恋爱时间线#	20260601	20260601_15:50:13	yes	#锤娜丽莎公开和李川恋爱时间线#	锤娜丽莎公开和李川恋爱时间线	新		no
#魏晨水下求婚 老婆只顾着追鱼#	20260601	20260601_15:50:13	no	魏晨水下求婚 老婆只顾着追鱼	魏晨水下求婚 老婆只顾着追鱼		综艺	no
#白鹿喝中药睡过头了#	20260601	20260601_15:52:59	no	白鹿喝中药睡过头了	白鹿喝中药睡过头了	新	剧集	no
#三夏麦收地图更新了#	20260601	20260601_15:54:46	yes	#三夏麦收地图更新了#	三夏麦收地图更新了	新		no
#白敬亭 祖国人#	20260601	20260601_15:58:34	no	白敬亭 祖国人	白敬亭 祖国人	新	电影	no
#8名七一勋章提名建议人选#	20260601	20260601_16:00:32	yes	#8名七一勋章提名建议人选#	8名七一勋章提名建议人选	新		no
#跟曾沛慈学天猫阿普瑞风#	20260601	20260601_16:00:32	yes		跟曾沛慈学天猫阿普瑞风	上新		yes
#货车司机捎老人40公里临下车反被讹#	20260601	20260601_16:00:32	yes	#货车司机捎老人40公里临下车反被讹#	货车司机捎老人40公里临下车反被讹	新		no
#灯花笑 田曦薇#	20260601	20260601_16:05:26	no	灯花笑 田曦薇	灯花笑 田曦薇			no
#笑着吃外卖走红骑手说平时舍不得点#	20260601	20260601_16:05:26	yes	#笑着吃外卖走红骑手说平时舍不得点#	笑着吃外卖走红骑手说平时舍不得点	新		no
#nova16业界独家2亿红枫影像#	20260601	20260601_16:05:26	yes	#nova16业界独家2亿红枫影像#	nova16业界独家2亿红枫影像	新		no
#华为发布会#	20260601	20260601_16:06:44	no	华为发布会	华为发布会			no
#NBA总决赛地板有那味儿了#	20260601	20260601_16:08:23	yes	#NBA总决赛地板有那味儿了#	NBA总决赛地板有那味儿了			no
#男子去健身结果睡到闭店才被叫醒#	20260601	20260601_16:08:23	no	男子去健身结果睡到闭店才被叫醒	男子去健身结果睡到闭店才被叫醒	新		no
#微博网友年度瞩目影人#	20260601	20260601_16:10:51	yes		微博网友年度瞩目影人	荐		yes
#晚晚疑似怀孕了#	20260601	20260601_16:10:51	yes	#晚晚疑似怀孕了#	晚晚疑似怀孕了	新		no
#热巴爸爸加入Dear家族#	20260601	20260601_16:13:58	yes	#热巴爸爸加入Dear家族#	热巴爸爸加入Dear家族	新		no
#A股科技股调整原因#	20260601	20260601_16:13:58	yes	#A股科技股调整原因#	A股科技股调整原因	新		no
#逐梦德甲#	20260601	20260601_16:19:20	yes		逐梦德甲	荐		yes
#时代少年团亮相华为发布会#	20260601	20260601_16:19:20	no	时代少年团亮相华为发布会	时代少年团亮相华为发布会			no
#闲鱼道歉#	20260601	20260601_16:22:27	yes	#闲鱼道歉#	闲鱼道歉			no
#白鹿喝中药睡过头了#	20260601	20260601_16:22:27	no	白鹿喝中药睡过头了	白鹿喝中药睡过头了	热	剧集	no
#美加墨世界杯球员身价榜#	20260601	20260601_16:22:27	yes	#美加墨世界杯球员身价榜#	美加墨世界杯球员身价榜			no
#何猷君奚梦瑶举行婚礼#	20260601	20260601_16:22:27	no	何猷君奚梦瑶举行婚礼	何猷君奚梦瑶举行婚礼			no
#一句是不是差班把老师问沉默了#	20260601	20260601_16:22:27	no	一句是不是差班把老师问沉默了	一句是不是差班把老师问沉默了	新		no
#十年筑梦生机勃发#	20260601	20260601_16:25:03	yes	#十年筑梦生机勃发#	十年筑梦生机勃发	新		no
#曝歌手帮唱嘉宾#	20260601	20260601_16:25:03	no	曝歌手帮唱嘉宾	曝歌手帮唱嘉宾		综艺	no
#纽约时报严重违反一个中国原则#	20260601	20260601_16:25:03	yes	#纽约时报严重违反一个中国原则#	纽约时报严重违反一个中国原则	新		no
#萌星超话营业中#	20260601	20260601_16:26:13	yes		萌星超话营业中	荐		yes
#白鹿喝中药睡过头了#	20260601	20260601_16:27:30	no	白鹿喝中药睡过头了	白鹿喝中药睡过头了		剧集	no
#上海政法学院通报学生沈某偷拍#	20260601	20260601_16:29:04	yes	#上海政法学院通报学生沈某偷拍#	上海政法学院通报学生沈某偷拍	新		no
#孙怡忍了三天 发现自己真的很爱#	20260601	20260601_16:30:23	no	孙怡忍了三天 发现自己真的很爱	孙怡忍了三天 发现自己真的很爱		综艺	no
#十个勤天到底瞒着大家干了多少事#	20260601	20260601_16:30:23	yes	#十个勤天到底瞒着大家干了多少事#	十个勤天到底瞒着大家干了多少事	新		no
#爷爷最最最最偏袒小丸子#	20260601	20260601_16:32:13	yes		爷爷最最最最偏袒小丸子	商		yes
#大学生一旦过了13周#	20260601	20260601_16:36:15	no	大学生一旦过了13周	大学生一旦过了13周			no
#nova16真的香#	20260601	20260601_16:36:15	yes	#nova16真的香#	nova16真的香	新		no
